species,file,n,aba_obs,aba_z,aba_p,tail_obs,tail_z,tail_p,bound_rho,bound_z,bound_p,clade,learning_category
Papio_papio,1788450639417__y-hermine-14-gecks-s,74,3.0,-3.1975155808358635,1.0,25.0,4.307689916237104,0.0004997501249375,0.1457555266180621,0.9288847085191576,0.1799100449775112,primate,nonlearner
Papio_papio,1788450639417__y-hermine-12-gecks-s,70,4.0,-2.946995738659718,1.0,13.0,1.7702841861855882,0.0734632683658171,-0.0363194723061184,-0.1448776489714243,0.5567216391804098,primate,nonlearner
Papio_papio,1788450639418_y-atmosphere-2-scream,56,6.0,-1.1803369981256129,0.9205397301349324,33.0,4.306111616745813,0.0004997501249375,0.0208413755391273,0.111981443573321,0.4602698650674662,primate,nonlearner
Papio_papio,1788450639417_y-longscream-7-3.wav,47,5.0,-1.6260578833330803,0.9715142428785608,12.0,0.961689944344872,0.1974012993503248,-0.0438995690630929,-0.2169325019123377,0.5957021489255372,primate,nonlearner
Papio_papio,1788450639418__y-hermine-11-gecks-s,46,4.0,-1.249486077232949,0.9385307346326835,24.0,1.761103498947549,0.0609695152423788,-0.201742110598733,-1.1843333291542286,0.8705647176411794,primate,nonlearner
Papio_papio,1788450639419_y-vivien-29-grunt.wav,43,7.0,-0.6068799266141877,0.7806096951524237,10.0,1.2076707479738134,0.153423288355822,-0.0811685728204547,-0.3848274493442711,0.6466766616691654,primate,nonlearner
Cebus_malitiosus,XC1173134_-_Santa_Marta_White-front,198,37.0,-1.3466350907725777,0.9240379810094952,89.0,6.043654459197704,0.0004997501249375,0.3622352071018716,3.722793478394969,0.0004997501249375,primate,nonlearner
Cebus_malitiosus,XC1106858_-_Santa_Marta_White-front,48,6.0,-1.239384236734674,0.9245377311344328,10.0,0.550734483055935,0.3378310844577711,0.1235566675245795,0.6418142936386578,0.2638680659670165,primate,nonlearner
Hapalemur_occidentalis,XC1081907_-_Northern_Bamboo_Lemur_-,87,13.0,-1.4947923736695847,0.9500249875062468,32.0,2.3263352409259643,0.0164917541229385,-0.6208977485287445,-4.493161345975514,1.0,primate,usage_learner
Hapalemur_occidentalis,XC1081909_-_Northern_Bamboo_Lemur_-,32,10.0,2.092313996763226,0.0434782608695652,10.0,0.5827029168948866,0.336831584207896,-0.3127716210856122,-1.4036450139624923,0.9150424787606196,primate,usage_learner
Eulemur_rubriventer,XC1072254_-_Red-bellied_Lemur_-_Eul,107,9.0,-2.606682267867784,0.999000499750125,41.0,1.957754574992316,0.0379810094952523,0.0155187182570545,0.1475612470048583,0.4437781109445277,primate,usage_learner
Eulemur_rubriventer,XC1072253_-_Red-bellied_Lemur_-_Eul,40,11.0,1.5381830293821568,0.0989505247376311,8.0,-1.1594463388523069,0.9050474762618692,-0.0574889943427613,-0.2622978034963621,0.6026986506746627,primate,usage_learner
Macaca_mulatta,XC1006942_-_Rhesus_Macaque_-_Macaca,59,7.0,-0.9485246902200706,0.8680659670164917,33.0,2.6068264692380287,0.0089955022488755,0.5665104505359947,3.816623464773057,0.0004997501249375,primate,usage_learner
Macaca_mulatta,XC1072576_-_Rhesus_Macaque_-_Macaca,28,5.0,-0.3777647038847797,0.712143928035982,3.0,0.0133301365804039,0.545727136431784,0.2922711170761684,0.9437520673783588,0.1749125437281359,primate,usage_learner
Macaca_mulatta,XC1047250_-_Rhesus_Macaque_-_Macaca,15,3.0,0.3920506043246628,0.4437781109445277,4.0,0.3492015205791515,0.4717641179410294,-0.4494665749754947,,0.904047976011994,primate,usage_learner
Pan_troglodytes,XC960498_-_Chimpanzee_-_Pan_troglod,61,11.0,-0.5917447956068587,0.7551224387806097,15.0,0.6998033900951752,0.2823588205897051,-0.1105135273451637,-0.6853536277985326,0.7491254372813593,primate,nonlearner
Pan_troglodytes,XC1054154_-_Chimpanzee_-_Pan_troglo,26,0.0,-2.3621001994783133,1.0,14.0,3.4765097536980254,0.0019990004997501,0.3572172541558801,1.3788945503089949,0.0919540229885057,primate,nonlearner
Pan_troglodytes,XC1070346_-_Chimpanzee_-_Pan_troglo,25,5.0,-0.2051987739682841,0.638680659670165,5.0,0.698560941605279,0.3028485757121439,-0.2255079650263076,-0.6698943516405614,0.7326336831584208,primate,nonlearner
Pan_troglodytes,XC1070341_-_Chimpanzee_-_Pan_troglo,16,4.0,0.5126884130864879,0.3853073463268366,1.0,-0.3387381172418487,0.7221389305347327,0.0,,0.5212393803098451,primate,nonlearner
Chlorocebus_pygerythrus,XC961507_-_Vervet_Monkey_-_Chloroce,41,7.0,-0.5328920892563173,0.7456271864067966,17.0,4.104567245206381,0.0004997501249375,0.6641560273124739,3.0845568009712654,0.000999500249875,primate,usage_learner
Chlorocebus_pygerythrus,XC961506_-_Vervet_Monkey_-_Chloroce,20,1.0,-1.4260265666454053,0.9790104947526236,9.0,1.7030723566833503,0.0854572713643178,-0.2408073206538235,,0.7986006996501749,primate,usage_learner
Callithrix_aurita,XC1166629_-_Buffy-tufted-ear_Marmos,126,31.0,1.6907555662949514,0.056471764117941,40.0,-0.9931639703273664,0.863568215892054,-0.0969959212252438,-0.9179850399693148,0.815592203898051,primate,nonlearner
Callithrix_aurita,XC1033128_-_Buffy-tufted-ear_Marmos,53,5.0,-1.855963776008048,0.9845077461269364,11.0,1.7884790142806335,0.0684657671164417,-0.4185347366851694,-1.8043100112137016,0.9665167416291854,primate,nonlearner
Callithrix_aurita,XC1166631_-_Buffy-tufted-ear_Marmos,52,10.0,-0.1587725058939263,0.6051974012993503,10.0,-1.3526818034045416,0.9450274862568716,0.1832934248719911,1.1082935211235811,0.1344327836081959,primate,nonlearner
Callithrix_aurita,XC1166630_-_Buffy-tufted-ear_Marmos,44,12.0,1.1420716513924023,0.1639180409795102,8.0,-1.427641536857944,0.9480259870064968,-0.131249059238117,-0.6938976403649239,0.7536231884057971,primate,nonlearner
Mimus_polyglottos,XC798536_-_Northern_Mockingbir,318,,-5.600368256666324,1.0,,13.850410227764709,0.0004997501249375,,1.197190440942541,0.111944027986007,bird,production_learner
Mimus_polyglottos,XC997262_-_Northern_Mockingbir,161,,-1.826339155796596,0.9795102448775612,,3.657341843594524,0.0014992503748125,,-0.0938903238617593,0.544727636181909,bird,production_learner
Mimus_polyglottos,XC798489_-_Northern_Mockingbir,153,,-4.106957920848324,1.0,,10.994884285037276,0.0004997501249375,,2.17210588864147,0.0144927536231884,bird,production_learner
Mimus_polyglottos,XC1089514_-_Northern_Mockingbi,145,,-5.278363813755586,1.0,,11.496612207122936,0.0004997501249375,,-0.3423460453802133,0.6281859070464768,bird,production_learner
Lonchura_striata,XC950417_-_White-rumped_Munia_,114,,2.302873571182145,0.0139930034982508,,3.814878319065242,0.000999500249875,,2.1499286736867447,0.0144927536231884,bird,production_learner
Lonchura_striata,XC1104719_-_White-rumped_Munia,91,,-2.606850785652657,0.9985007496251874,,3.280849202732376,0.0014992503748125,,-0.1867353445816424,0.5732133933033483,bird,production_learner
Lonchura_striata,XC151218_-_White-rumped_Munia_,83,,-2.8054254357747213,1.0,,3.319264425224026,0.0019990004997501,,-1.9292557757329547,0.9740129935032484,bird,production_learner
Lonchura_striata,XC858197_-_White-rumped_Munia_,81,,-0.5485144912377778,0.735632183908046,,1.1674373794870028,0.1494252873563218,,-1.6723513326377604,0.9525237381309344,bird,production_learner
Columba_livia,XC200010_-_Rock_Dove_-_Columba,373,,-3.493188857055395,1.0,,6.420103439322457,0.0004997501249375,,1.978909047277457,0.0219890054972513,bird,nonlearner
Columba_livia,XC1029257_-_Rock_Dove_-_Columb,36,,-0.69294367905229,0.8235882058970515,,2.001676783590529,0.0409795102448775,,-1.6844371444063042,0.9555222388805598,bird,nonlearner
Columba_livia,XC1029258_-_Rock_Dove_-_Columb,33,,-0.8681600120220736,0.8765617191404298,,1.8094647223908449,0.0534732633683158,,0.4266364050265158,0.3403298350824588,bird,nonlearner
Columba_livia,XC1029262_-_Rock_Dove_-_Columb,24,,0.9146502180790488,0.24087956021989,,3.764135086270712,0.0039980009995002,,-0.3671910583533368,0.6291854072963519,bird,nonlearner
Serinus_canaria,XC601672_-_Atlantic_Canary_-_S,55,,-2.553542056720705,0.9995002498750624,,5.116882698254479,0.0004997501249375,,-0.0784529771402997,0.526736631684158,bird,production_learner
Serinus_canaria,XC398574_-_Atlantic_Canary_-_S,48,,-1.1492580472474776,0.9020489755122438,,-0.2538592624666262,0.6416791604197901,,2.0271298754688183,0.016991504247876,bird,production_learner
Serinus_canaria,XC316549_-_Atlantic_Canary_-_S,46,,0.0923561117000033,0.4927536231884058,,-0.9433824514348124,0.8650674662668666,,-0.5157141749699362,0.7001499250374813,bird,production_learner
Serinus_canaria,XC782280_-_Atlantic_Canary_-_S,46,,-1.2745606156416895,0.9330334832583708,,1.6890048020602155,0.0744627686156921,,0.38474960096505,0.3698150924537731,bird,production_learner
Gallus_gallus,XC577813_-_Red_Junglefowl_-_Ga,49,,-1.7697315047652222,0.9815092453773112,,4.914273768614225,0.0004997501249375,,-0.424039312568197,0.6591704147926037,bird,usage_learner
Gallus_gallus,XC314767_-_Red_Junglefowl_-_Ga,39,,-0.8068200292700546,0.8340829585207397,,-0.1646356572307207,0.6071964017991005,,-0.4498999690380818,0.6646676661669165,bird,usage_learner
Gallus_gallus,XC472720_-_Red_Junglefowl_-_Ga,20,,-0.9345822267502067,0.8915542228885557,,1.291447994220887,0.1504247876061969,,2.2267348214952163,0.0069965017491254,bird,usage_learner
Gallus_gallus,XC577805_-_Red_Junglefowl_-_Ga,19,,-2.03825661029031,1.0,,1.144326694669663,0.1904047976011994,,,0.9365317341329336,bird,usage_learner
Psittacus_erithacus,XC1011809_-_Grey_Parrot_-_Psit,91,,0.004313852700869,0.5292353823088456,,0.314835529134128,0.3953023488255872,,0.5369190750457675,0.2998500749625187,bird,production_learner
Psittacus_erithacus,XC1011340_-_Grey_Parrot_-_Psit,72,,0.0740624175272987,0.511744127936032,,0.248581403703172,0.4232883558220889,,-2.8263198287190554,0.99800099950025,bird,production_learner
Psittacus_erithacus,XC599239_-_Grey_Parrot_-_Psitt,46,,-0.5920419324325716,0.7706146926536732,,2.9093133258739554,0.0139930034982508,,-1.4034050855743714,0.9140429785107448,bird,production_learner
Psittacus_erithacus,XC1011810_-_Grey_Parrot_-_Psit,38,,0.7370393971057603,0.2753623188405797,,0.6613879367426589,0.3098450774612694,,1.6157230427810552,0.0544727636181909,bird,production_learner
Melopsittacus_undulatus,XC611286_-_Budgerigar_-_Melops,100,,-0.4894767373844489,0.7256371814092953,,3.49114246154958,0.0014992503748125,,0.0922684642048091,0.4632683658170914,bird,production_learner
Melopsittacus_undulatus,XC924266_-_Budgerigar_-_Melops,100,,-1.2099959909164184,0.912543728135932,,1.5593674902034846,0.0764617691154422,,-2.432719281127893,0.9920039980009996,bird,production_learner
Melopsittacus_undulatus,XC859963_-_Budgerigar_-_Melops,55,,-2.001689360298339,0.992503748125937,,1.9561605720355344,0.0369815092453773,,2.156208393144453,0.0154922538730634,bird,production_learner
Melopsittacus_undulatus,XC172266_-_Budgerigar_-_Melops,50,,-0.9045720491656952,0.8530734632683659,,2.567258618720298,0.0184907546226886,,-3.1689774941061835,0.9995002498750624,bird,production_learner
Menura_novaehollandiae,XC1163855_-_Superb_Lyrebird_-_,949,,-7.023100331370791,1.0,,10.99553356749796,0.0004997501249375,,-1.3052705239806766,0.9045477261369316,bird,production_learner
Menura_novaehollandiae,XC1103947_-_Superb_Lyrebird_-_,111,,-1.7411767868482635,0.9725137431284356,,2.662647480493491,0.0074962518740629,,-0.7437350692030974,0.7656171914042978,bird,production_learner
Menura_novaehollandiae,XC1172718_-_Superb_Lyrebird_-_,100,,-0.9569498214750533,0.8540729635182409,,4.6594919680779485,0.0004997501249375,,-2.59948236887574,0.9975012493753124,bird,production_learner
Menura_novaehollandiae,XC1163856_-_Superb_Lyrebird_-_,68,,-0.293071038970448,0.6451774112943528,,3.2642502260951898,0.0014992503748125,,-0.6165307270401872,0.7311344327836082,bird,production_learner
Forpus_passerinus,1788443928158_17B102A_BN6_5_08,1051,,-6.529371465584262,1.0,,5.689814979510028,0.0004997501249375,,-1.6267826268690546,0.944527736131934,bird,production_learner
Forpus_passerinus,1788443928159_17B31A_BN3_2_102,875,,-8.156311381629045,1.0,,9.15758485673732,0.0004997501249375,,0.6750057941247769,0.2448775612193903,bird,production_learner
Forpus_passerinus,1788443928159_17B32A_BN5_12_08,483,,-7.880008679997554,1.0,,11.558530220612546,0.0004997501249375,,0.4399029047708752,0.3273363318340829,bird,production_learner
Forpus_passerinus,1788443928159_17B31A_BN2_26_10,456,,0.0391590791671114,0.4977511244377811,,2.0255488930499945,0.0264867566216891,,-0.7855410391325485,0.7906046976511744,bird,production_learner
Phaethornis_longirostris,1788448182026_0_SUR_2012_1_20_,514,,-7.284445717422662,1.0,,21.989236667262315,0.0004997501249375,,2.952076225432966,0.0004997501249375,bird,production_learner
Phaethornis_longirostris,1788448182025_0_LOC_2011_7_29_,504,,-6.064412065649112,1.0,,10.950895208794044,0.0004997501249375,,7.271713286596665,0.0004997501249375,bird,production_learner
Phaethornis_longirostris,1788448182027_0_LOC_2011_7_29_,429,,-4.18507693175365,1.0,,7.123448395220047,0.0004997501249375,,4.857569328594008,0.0004997501249375,bird,production_learner
Phaethornis_longirostris,1788448182026_0_SUR_2010_5_21_,426,,-1.019150248311384,0.862568715642179,,21.648088910134263,0.0004997501249375,,2.6410337317732,0.0029985007496251,bird,production_learner
Turdus_merula,XC310974_-_Common_Blackbird_-_,28,,-0.7628830887737637,0.8275862068965517,,-0.0430223541754524,0.5687156421789106,,0.9188912382169122,0.1889055472263868,bird,usage_learner
Turdus_merula,XC382840_-_Common_Blackbird_-_,24,,0.1389364646488499,0.5172413793103449,,-0.1460871773714747,0.6216891554222889,,-1.2597308947770007,0.8930534732633684,bird,usage_learner
Turdus_merula,XC960501_-_Common_Blackbird_-_,22,,-0.7402358293033849,0.8285857071464268,,1.4594535737226626,0.1169415292353823,,-0.7350134367236729,0.7551224387806097,bird,usage_learner
Zenaida_macroura,XC940517_-_Mourning_Dove_-_Zen,31,,-0.4583928860348153,0.7296351824087957,,2.4466309270780533,0.0239880059970015,,0.2135359453084427,0.4247876061969015,bird,nonlearner
Zenaida_macroura,XC940522_-_Mourning_Dove_-_Zen,28,,-1.1514175061389882,0.9245377311344328,,1.1597696512713795,0.1789105447276361,,-1.4398275860281984,0.9250374812593704,bird,nonlearner
Zenaida_macroura,XC638304_-_Mourning_Dove_-_Zen,25,,0.0329832941379063,0.5582208895552224,,-0.8109416981079027,0.8545727136431784,,-0.2170439835937446,0.5902048975512244,bird,nonlearner
Coturnix_japonica,XC913389_-_Japanese_Quail_-_Co,47,,-2.1706138921122773,0.9970014992503748,,3.4905247737171985,0.000999500249875,,0.920372621426005,0.1914042978510744,bird,nonlearner
Coturnix_japonica,XC329204_-_Japanese_Quail_-_Co,29,,-1.225701905480568,0.934032983508246,,-1.147681789870808,0.9415292353823088,,0.2768401855159709,0.3998000999500249,bird,nonlearner
Coturnix_japonica,XC527210_-_Japanese_Quail_-_Co,27,,-2.467564217073788,1.0,,1.1532943498831498,0.1724137931034483,,-0.0673736337505235,0.5247376311844077,bird,nonlearner
Emballonura_monticola,A000939_YLLKZNQQGG.WAV,152,,-3.4002303882989744,1.0,,8.541661039101989,0.0004997501249375,,1.8739700933366408,0.0309845077461269,bat,unclassified
Emballonura_monticola,A000937_INEJWEGUFO.WAV,88,,0.8484246305154818,0.2208895552223888,,2.378733172492977,0.0189905047476261,,-3.16028220653892,0.9995002498750624,bat,unclassified
Emballonura_monticola,A000938_ZSJCYEKAFH.WAV,61,,0.5796378555887577,0.3303348325837081,,2.166901849729178,0.0344827586206896,,-1.9716399896848635,0.967016491754123,bat,unclassified
Emballonura_monticola,A000936_JOJJAOFTTK.WAV,52,,-0.9031514653253688,0.863568215892054,,4.866525703535807,0.0004997501249375,,0.5295302259011292,0.297351324337831,bat,unclassified
Rousettus_aegyptiacus,1788441079724_1306121932259045,209,,1.8663838452237391,0.04047976011994,,3.975292027352503,0.0004997501249375,,0.5318547163475452,0.2953523238380809,bat,production_learner_candidate
Rousettus_aegyptiacus,1788441079724_1306110629485861,55,,-0.239254877221779,0.6416791604197901,,1.6140649924762585,0.0819590204897551,,1.6877639453914823,0.0514742628685657,bat,production_learner_candidate
Rousettus_aegyptiacus,1788441079724_1306091925412345,52,,-0.6617588358011093,0.7841079460269865,,-0.4381162221441035,0.712143928035982,,-2.6045053864672663,0.9950024987506249,bat,production_learner_candidate
Rousettus_aegyptiacus,1788441079724_1306100031198081,48,,-1.62427592983767,0.9720139930034982,,0.4303970900255357,0.3588205897051474,,-1.3335799716572754,0.904047976011994,bat,production_learner_candidate
Carrion_Crow,XC458184_-_Carrion_Crow_-_Corv,22,,-1.2119158353081945,0.9395302348825588,,-1.0153330596581776,0.9250374812593704,,0.3008439990464972,0.3943028485757121,bird,usage_learner
Carrion_Crow,XC466390_-_Carrion_Crow_-_Corv,16,,-0.6353412241280523,0.8115942028985508,,0.6177184610310519,0.3578210894552723,,,0.2243878060969515,bird,usage_learner
Carrion_Crow,XC977166_-_Carrion_Crow_-_Corv,15,,0.5397450689205684,0.3683158420789605,,-0.3547765904149679,0.7316341829085458,,,0.4617691154422789,bird,usage_learner
Human_beatbox,P18_Improvisation_Personal.wav,116,,-0.4361355922100889,0.7041479260369815,,0.8970877240295098,0.2083958020989505,,0.8431635394886984,0.2018990504747626,primate,production_learner
Human_beatbox,P16_Improvisation_Personal.wav,73,,0.3158818383118776,0.4157921039480259,,-0.4957123122317374,0.7341329335332334,,-0.0290673596513685,0.5077461269365318,primate,production_learner
Human_beatbox,1788446465144_P3_Improvisation,45,,0.6913000570795922,0.2923538230884557,,-0.4746605357120525,0.7336331834082959,,0.0513677029179895,0.47976011994003,primate,production_learner
Human_beatbox,1788446465145_P6_Improvisation,45,,-1.5340970888464147,0.9625187406296852,,2.300366737351732,0.0229885057471264,,0.2365393584105905,0.4117941029485257,primate,production_learner
Contopus_virens,XC563447_-_Eastern_Wood_Pewee_-_Contopus_virens.wav,29,,0.5705302400794982,0.3503248375812094,,-1.0517057500503413,0.9060469765117442,,-0.0464875010223432,0.5262368815592204,bird,nonlearner
Contopus_virens,XC429616_-_Eastern_Wood_Pewee_-_Contopus_virens.wav,18,,-0.8084403856340103,0.8685657171414293,,1.0155145127208416,0.2153923038480759,,,0.9940029985007496,bird,nonlearner
Contopus_virens,XC1037302_-_Eastern_Wood_Pewee_-_Contopus_virens.wav,15,,0.7126345701420889,0.3153423288355822,,0.4724660605742909,0.4127936031984008,,,0.567216391804098,bird,nonlearner
Emballonura_alecto,A006151_HPVJUOTMMR.WAV,216,,0.1988106927266293,0.9180409795102448,,-0.4969011103636217,1.0,,0.7846516023078378,0.2328835582208895,bat,unclassified
Emballonura_alecto,A003557_TEOZJMPDVN.WAV,120,,-3.5212432966493434,1.0,,7.577787574686598,0.0004997501249375,,1.0274624279356608,0.1499250374812593,bat,unclassified
Screaming_Piha,XC241664_-_Screaming_Piha_-_Lipaugus_vociferans.wav,25,,1.2308297940947934,0.1749125437281359,,-1.0971821599699767,0.9030484757621188,,,0.6086956521739131,bird,nonlearner
Taeniopygia_guttata,1788461048072_g4p5U-f00049.wav,54,,-0.4806033306593859,0.7271364317841079,,-0.8706792407492316,0.8580709645177411,,-2.257485232992176,0.9865067466266868,bird,production_learner
Taeniopygia_guttata,1788461048072_g4p5U-f00247.wav,35,,-0.5193076173041263,0.7521239380309845,,0.7621623783067617,0.2723638180909545,,1.1505086915838787,0.1324337831084457,bird,production_learner
Taeniopygia_guttata,1788461048072_g4p5U-f00205.wav,28,,-0.3483426602138763,0.6926536731634183,,-0.8177582938874824,0.8775612193903048,,0.8267110462491798,0.2103948025987006,bird,production_learner
Taeniopygia_guttata,1788450672603_g4p5U-f00011.wav,27,,-0.2527976383035676,0.6646676661669165,,-1.0924234419124583,0.9300349825087456,,0.3981623964022739,0.3523238380809595,bird,production_learner
Taeniopygia_guttata,1788461048072_g4p5U-f01273.wav,27,,0.5806882036490106,0.336831584207896,,-0.6605424394054273,0.8050974512743628,,-0.2224755290989147,0.5872063968015993,bird,production_learner
Taeniopygia_guttata,1788461048072_g4p5U-f00165.wav,26,,0.7617728381109248,0.2853573213393303,,0.8815502491344732,0.2498750624687656,,0.7062678222811093,0.2418790604697651,bird,production_learner
Taeniopygia_guttata,1788450672603_g4p5U-f00031.wav,23,,-0.7811859634319485,0.8455772113943029,,-0.0603120729047489,0.5787106446776612,,-1.0045729860312758,0.8320839580209896,bird,production_learner
Cercopithecus_diana,XC960202_-_Diana_Monkey_-_Cercopithecus_diana.wav,30,,-1.2231498282738065,0.9375312343828086,,-1.6030085608276254,0.9805097451274364,,0.2235683161845834,0.4182908545727136,primate,nonlearner
Macaca_cyclopis,XC1045268_-_Taiwanese_Macaque_-_Macaca_cyclopis.wav,33,,-1.503978939231827,0.968015992003998,,4.384348321794523,0.000999500249875,,0.6934082788637681,0.2468765617191404,primate,nonlearner
Macaca_cyclopis,XC1045270_-_Taiwanese_Macaque_-_Macaca_cyclopis.wav,19,,-0.0654938912229768,0.5767116441779111,,1.1672997881027822,0.1909045477261369,,0.2704166990832426,0.409295352323838,primate,nonlearner
Macaca_cyclopis,XC1045271_-_Taiwanese_Macaque_-_Macaca_cyclopis.wav,19,,-0.396231811691959,0.7266366816591704,,-1.1132862353462711,1.0,,-0.460388693609782,0.6666666666666666,primate,nonlearner
Macaca_fascicularis,XC1031578_-_Long-tailed_Macaque_-_Macaca_fascicularis.wav,29,,-0.2379413815028575,0.6501749125437282,,1.3012541947835887,0.1419290354822588,,-1.821393824681356,0.9690154922538732,primate,nonlearner
Pongo_pygmaeus,XC1097762_-_Bornean_Orangutan_-_Pongo_pygmaeus.wav,51,,0.3378183047408952,0.4077961019490255,,-0.4358485834371954,0.7266366816591704,,-0.4686171737249701,0.6731634182908546,primate,nonlearner
Pongo_pygmaeus,XC959719_-_Bornean_Orangutan_-_Pongo_pygmaeus.wav,19,,-2.0135746095849654,1.0,,-0.6225758009196424,0.8205897051474262,,-0.5026957213232475,0.6851574212893553,primate,nonlearner
Pongo_pygmaeus,XC960775_-_Bornean_Orangutan_-_Pongo_pygmaeus.wav,17,,-0.1619032776913172,0.6461769115442278,,0.1950238332125023,0.5002498750624688,,,0.9115442278860568,primate,nonlearner
Saccopteryx_bilineata,Figure_S1,157,,-4.184348345370803,1.0,,15.788210178301991,0.0004997501249375,,0.4983207332939428,0.31984007996002,bat,production_learner
Monachus_monachus,2021/10/6,478,,-1.5555589638622966,0.9455272363818092,,5.485585788981672,0.0004997501249375,,2.5085265495873075,0.0049975012493753,pinniped,unclassified
Monachus_monachus,2021/10/5,166,,-0.3738094766417359,0.6781609195402298,,1.8580877485384315,0.0529735132433783,,-0.5325122018665516,0.6976511744127936,pinniped,unclassified
Monachus_monachus,2021/9/27,120,,-1.2882000080754852,0.91904047976012,,1.868362242112888,0.0524737631184407,,-0.5070711091706772,0.6976511744127936,pinniped,unclassified
Monachus_monachus,2021/10/4,55,,-1.7304957019779197,0.9810094952523738,,1.794773733017064,0.0434782608695652,,-0.108168819347614,0.5492253873063468,pinniped,unclassified
Monachus_monachus,2021/9/28,19,,-0.1055100594822751,0.6261869065467266,,0.082907900298972,0.5727136431784108,,-0.4784302237237071,0.6701649175412294,pinniped,unclassified
Monachus_monachus,2021/9/30,16,,-1.8145396290732727,1.0,,2.2142812201303403,0.0294852573713143,,,0.0609695152423788,pinniped,unclassified
Monachus_monachus,2021/10/12,15,,0.4581493509976418,0.4117941029485257,,0.4614867198539882,0.4052973513243378,,,0.0519740129935032,pinniped,unclassified
Balaena_mysticetus,1788559141223_Fram2010-33.mp3,169,,-2.00342631990317,0.9855072463768116,,4.438223416571597,0.0004997501249375,,-1.868965450486793,0.9740129935032484,cetacean,production_learner_candidate
Balaena_mysticetus,1788559141223_Fram2012-55.mp3,57,,2.7883119922670527,0.0054972513743128,,7.350680675831802,0.0004997501249375,,-3.0456927235202995,0.9995002498750624,cetacean,production_learner_candidate
Balaena_mysticetus,1788559141223_Fram2012-58.mp3,47,,-0.2263259368487182,0.6196901549225388,,1.524170813632551,0.0934532733633183,,1.3180130444499438,0.095952023988006,cetacean,production_learner_candidate
Balaena_mysticetus,1788559141223_Fram2013-50.mp3,59,,2.5065401099293827,0.0129935032483758,,2.471030428506586,0.0184907546226886,,-0.2814927235003827,0.6101949025487257,cetacean,production_learner_candidate
Balaena_mysticetus,1788559141224_Fram2012-11.mp3,34,,0.8379576189510747,0.2693653173413293,,3.8457659478866586,0.0004997501249375,,-0.6257966520029246,0.7336331834082959,cetacean,production_learner_candidate
Balaena_mysticetus,1788559141224_Fram2012-46.mp3,39,,-1.8226816084728057,0.9880059970014992,,1.4480715187458006,0.1124437781109445,,-0.4394642778824361,0.6621689155422289,cetacean,production_learner_candidate
Balaena_mysticetus,1788559141224_Fram2012-47.mp3,30,,1.3803834042660643,0.1244377811094452,,1.307796821265038,0.1369315342328835,,1.8139659378394315,0.0334832583708145,cetacean,production_learner_candidate
Balaena_mysticetus,1788559141224_Fram2012-53.mp3,37,,0.407246747562331,0.3933033483258371,,0.2686632253647597,0.4457771114442778,,-2.683703807529598,0.999000499750125,cetacean,production_learner_candidate
Balaena_mysticetus,1788559141224_Fram2012-54.mp3,37,,-1.01700179454939,0.8915542228885557,,1.166087358251172,0.1604197901049475,,1.3372372692760897,0.0944527736131934,cetacean,production_learner_candidate
Balaena_mysticetus,1788559141224_Fram2012-65.mp3,39,,-0.6038501671006271,0.7916041979010495,,5.0158068326681,0.0004997501249375,,-1.8686809254601595,0.968015992003998,cetacean,production_learner_candidate
Balaena_mysticetus,1788559141224_Fram2012-69.mp3,38,,0.7327740375869171,0.2898550724637681,,-0.1470031991379092,0.6101949025487257,,-0.6443643684362359,0.7351324337831084,cetacean,production_learner_candidate
Balaena_mysticetus,1788559141224_Fram2013-1.mp3,44,,-1.128382489451026,0.9065467266366816,,3.7902038101802025,0.0014992503748125,,-0.7241741834842217,0.750624687656172,cetacean,production_learner_candidate
Balaena_mysticetus,1788559141224_Fram2013-5.mp3,35,,-0.8910687633324433,0.8660669665167416,,3.037539688202944,0.0064967516241879,,-2.344975451591973,0.991504247876062,cetacean,production_learner_candidate
Balaena_mysticetus,1788559141225_Fram2013-9.mp3,50,,0.1230192231652495,0.4972513743128435,,1.600278635581271,0.0794602698650674,,-0.8564684321716692,0.800599700149925,cetacean,production_learner_candidate
Megaptera_novaeangliae,20110521-000055_AWI227-11_SV0002.txt,549,,-2.194460358792204,0.992503748125937,,11.631744803843777,0.0004997501249375,,0.0784348898611039,0.4772613693153423,cetacean,production_learner_candidate
Megaptera_novaeangliae,20130617-000324_AWI227-12_SV1025.txt,233,,-3.1908056824606725,1.0,,14.962372131092812,0.0004997501249375,,0.3565036186962038,0.3748125937031484,cetacean,production_learner_candidate
Megaptera_novaeangliae,20170501-000458_AWI227-14_SV1004.txt,288,,-4.796985832723862,1.0,,28.954115457061,0.0004997501249375,,-0.1494806057105956,0.5547226386806596,cetacean,production_learner_candidate
Megaptera_novaeangliae,20170624-000545_AWI227-14_SV1004.txt,267,,-4.732623965951343,1.0,,24.148698019510828,0.0004997501249375,,-0.5285232643648012,0.7016491754122939,cetacean,production_learner_candidate
Megaptera_novaeangliae,20180512-000840_AWI227-14_SV1004.txt,233,,1.5346723135208955,0.0839580209895052,,2.827678824098518,0.0089955022488755,,3.302513075766003,0.0004997501249375,cetacean,production_learner_candidate
Megaptera_novaeangliae,20180622-000337_AWI227-14_SV1004.txt,293,,2.65046768511004,0.0109945027486256,,22.554969803680084,0.0004997501249375,,1.6105806407599432,0.0514742628685657,cetacean,production_learner_candidate
Megaptera_novaeangliae,20180701-000753_AWI227-14_SV1004.txt,336,,3.213379489220475,0.0019990004997501,,14.815806698582424,0.0004997501249375,,0.8932130536099516,0.1884057971014492,cetacean,production_learner_candidate
Eulemur_rubriventer,XC1072255_-_Red-bellied_Lemur_-_Eulemur_rubriventer.wav,39,,-0.5641089998705203,0.7636181909045477,,0.928638863109035,0.2138930534732633,,0.0141893478947349,0.5002498750624688,primate,usage_learner
Eulemur_rubriventer,XC983966_-_Red-bellied_Lemur_-_Eulemur_rubriventer.wav,19,,-2.277214600338481,1.0,,0.7297589692240555,0.3788105947026486,,,0.6761619190404797,primate,usage_learner
Eulemur_rubriventer,XC983967_-_Red-bellied_Lemur_-_Eulemur_rubriventer.wav,25,,0.458953256397573,0.3598200899550225,,-0.1237599368157385,0.5837081459270365,,2.112025726067932,0.0129935032483758,primate,usage_learner
Hapalemur_occidentalis,XC1081908_-_Northern_Bamboo_Lemur_-_Hapalemur_occidentalis.wav,18,,0.3034578106128866,0.456271864067966,,0.6081012776972821,0.3448275862068966,,-1.5940870481217548,0.952023988005997,primate,usage_learner
Amazona_auropalliata,RW_AH1FEB07AW7  ,19,,4.507324836793051,0.0004997501249375,,11.107117477569274,0.0004997501249375,,,0.175912043978011,bird,production_learner
Amazona_auropalliata,FW_AH1FEB07AW18,18,,-0.2842367977782679,0.7146426786606697,,-0.6445974503135309,1.0,,,0.7971014492753623,bird,production_learner
Amazona_auropalliata,RW_AH1FEB07AW8B,16,,-0.916714595413399,1.0,,-0.2208854377821489,1.0,,,,bird,production_learner
Amazona_auropalliata,RW_AH1FEB07AW9,15,,4.496785210692411,0.0004997501249375,,6.606700032997036,0.000999500249875,,,0.1234382808595702,bird,production_learner
Amazona_auropalliata,RW_AH1FEB07AW12,15,,5.690178495469708,0.0004997501249375,,5.555886369053235,0.0059970014992503,,,0.0004997501249375,bird,production_learner
Amazona_auropalliata,RC_AH17JAN08PW1,15,,1.7174311811972536,0.096951524237881,,1.1158176137514608,0.2663668165917041,,,0.4892553723138431,bird,production_learner
Troglodytes_aedon,bl.or.al.3,15,,-1.7467352341129418,1.0,,1.0264129152130574,0.2308845577211394,,,0.7596201899050474,bird,usage_learner
Troglodytes_aedon,bk.or.al.4,18,,-0.4557123456390434,0.8125937031484258,,0.4397763303743189,0.4087956021989005,,-1.208285489423481,0.88055972013993,bird,usage_learner
Troglodytes_aedon,ub.B2.F.1,20,,-2.020381462626536,1.0,,5.998137834721929,0.0004997501249375,,,0.0004997501249375,bird,usage_learner
Troglodytes_aedon,18B.F.6,21,,-0.0759587206194557,0.6081959020489756,,2.2514601885838657,0.0369815092453773,,-1.2028417739841375,0.8780609695152424,bird,usage_learner
Troglodytes_aedon,ub.B2.F.4,22,,-1.6809274149847837,0.9860069965017492,,5.195669217928787,0.000999500249875,,,0.0004997501249375,bird,usage_learner
Troglodytes_aedon,1B.M.3,24,,-2.21806834004204,1.0,,6.249958927939317,0.0004997501249375,,,0.0004997501249375,bird,usage_learner
Troglodytes_aedon,ub.10-2nd.M.7,25,,2.613206018324504,0.0184907546226886,,3.1481593681711604,0.009495252373813,,-0.4806921512430515,0.6756621689155422,bird,usage_learner
Troglodytes_aedon,or.gn.al.9,26,,-1.873895664463184,0.9965017491254372,,3.572556689419315,0.0039980009995002,,1.7592948633988783,0.0354822588705647,bird,usage_learner
Troglodytes_aedon,17B.M.5,27,,0.6526917506318163,0.3148425787106447,,2.161171825652465,0.0384807596201899,,-2.530580429144218,0.9945027486256872,bird,usage_learner
Troglodytes_aedon,17B.F.11,29,,-1.6338100790274814,0.9815092453773112,,8.503614412952158,0.0004997501249375,,1.588778878731545,0.0579710144927536,bird,usage_learner
Troglodytes_aedon,19B.F.1,29,,-1.994408607787152,0.9960019990004998,,5.716941145250414,0.0004997501249375,,1.6705076741689155,0.041479260369815,bird,usage_learner
Troglodytes_aedon,ub.10.M.1,31,,1.0820930744575188,0.1879060469765117,,4.038704129715941,0.000999500249875,,-2.556553058454386,0.9985007496251874,bird,usage_learner
Troglodytes_aedon,al.bk.bk.4,32,,0.0457866369685346,0.5432283858070964,,1.8130424825228253,0.0624687656171914,,-1.6225365084396106,0.9470264867566216,bird,usage_learner
Troglodytes_aedon,pi.yw.pi.al.6,34,,-0.940998285897434,0.8700649675162418,,0.1621714772656765,0.4672663668165917,,-1.8068405198845376,0.9640179910044976,bird,usage_learner
Troglodytes_aedon,ub.C5.M.3,36,,3.5478015558096585,0.000999500249875,,3.593852244850192,0.0019990004997501,,2.1714745377255347,0.0149925037481259,bird,usage_learner
Troglodytes_aedon,al.bk.wh.5,38,,1.4371931452174211,0.1124437781109445,,5.484874956236331,0.0004997501249375,,-3.002989550737675,1.0,bird,usage_learner
Troglodytes_aedon,bl.pu.or.al.1,40,,-2.193294012086283,0.9970014992503748,,3.0505016387791004,0.0044977511244377,,-2.4992417809565994,0.993503248375812,bird,usage_learner
Troglodytes_aedon,B2.M.6,55,,4.359106232431105,0.0004997501249375,,5.146738494699908,0.0004997501249375,,-0.0610538249636002,0.5292353823088456,bird,usage_learner
Lonchura_striata_domestica,1788610832775_019.wav,103,,-3.0275598481174275,1.0,,2.14129557589886,0.0249875062468765,,-1.952747781687048,0.9715142428785608,bird,production_learner
Lonchura_striata_domestica,1788610832775_020.wav,106,,-2.856079636417217,1.0,,2.866101968313216,0.0044977511244377,,-0.2408585332799221,0.5952023988005997,bird,production_learner
Lonchura_striata_domestica,1788610832775_026.wav,82,,-1.3825845759289377,0.9385307346326835,,1.6696375727594075,0.0654672663668165,,-2.632804337504307,0.9985007496251874,bird,production_learner
Lonchura_striata_domestica,1788610832775_027.wav,95,,-2.61578631366433,0.9995002498750624,,3.5790009759544588,0.0004997501249375,,0.2169069571139324,0.4222888555722139,bird,production_learner
Lonchura_striata_domestica,1788610832776_001.wav,93,,-2.844647808979785,0.999000499750125,,-0.0667911615834334,0.5537231384307846,,-0.3027419848257116,0.6216891554222889,bird,production_learner
Lonchura_striata_domestica,1788610832776_005.wav,80,,-1.2999021717860662,0.935032483758121,,1.8379685075551635,0.048975512243878,,-1.063735126627874,0.8505747126436781,bird,production_learner
Lonchura_striata_domestica,1788610832776_006.wav,90,,-2.2768369257819865,0.9955022488755624,,1.6741292097227267,0.0679660169915042,,-1.1146739150592988,0.8650674662668666,bird,production_learner
Lonchura_striata_domestica,1788610832776_008.wav,67,,-1.602009415297707,0.9715142428785608,,4.385490445806656,0.0004997501249375,,-0.5883582415711791,0.7246376811594203,bird,production_learner
Lonchura_striata_domestica,1788610832776_009.wav,86,,-1.91509728690098,0.9845077461269364,,2.848891507369057,0.0044977511244377,,-1.8424563142346904,0.9675162418790604,bird,production_learner
Lonchura_striata_domestica,1788610832776_012.wav,94,,-1.4218891206903037,0.9400299850074962,,0.474374625170696,0.3453273363318341,,-1.0603693359647846,0.8480759620189905,bird,production_learner
Lonchura_striata_domestica,1788610832776_013.wav,82,,-1.9183973974598976,0.9880059970014992,,1.0254205176324804,0.1794102948525737,,-1.0735234574463637,0.8610694652673663,bird,production_learner
Lonchura_striata_domestica,1788610832776_015.wav,83,,-2.542740939544129,0.9995002498750624,,0.6962392301461358,0.2828585707146426,,-0.2426775599056718,0.5952023988005997,bird,production_learner
Lonchura_striata_domestica,1788610832776_017.wav,92,,-2.4314030255202623,0.99800099950025,,3.151129154539356,0.0029985007496251,,-1.5455933445680228,0.9310344827586208,bird,production_learner
Lonchura_striata_domestica,1788610832776_025.wav,98,,-0.9513417027374012,0.8610694652673663,,3.714722183397686,0.0014992503748125,,1.4663415210807575,0.0689655172413793,bird,production_learner
Lonchura_striata_domestica,1788610832776_030.wav,73,,-1.7159204711434335,0.9750124937531236,,2.8881144117602777,0.008495752123938,,-2.7643389338719606,0.9995002498750624,bird,production_learner
Lonchura_striata_domestica,1788610832777_011.wav,66,,-2.6521587879211808,0.999000499750125,,0.819317954496583,0.2418790604697651,,0.2879547354198158,0.3888055972013993,bird,production_learner
Lonchura_striata_domestica,1788610832777_014.wav,67,,-1.4394112603924227,0.953023488255872,,-0.2481419841056728,0.6356821589205397,,-0.1867809148551376,0.5807096451774113,bird,production_learner
Lonchura_striata,1788610980370_3.wav,88,,-0.7805849888845157,0.8075962018990505,,1.26071721271349,0.1319340329835082,,0.1894453700017521,0.4307846076961519,bird,production_learner
Lonchura_striata,1788610980371_10.wav,68,,-1.242128983844997,0.9165417291354324,,2.357217701476744,0.0189905047476261,,1.845965604398782,0.0284857571214392,bird,production_learner
Lonchura_striata,1788610980371_11.wav,75,,0.615122719169967,0.3138430784607696,,2.119656932940226,0.0339830084957521,,0.4618715521744778,0.3183408295852074,bird,production_learner
Lonchura_striata,1788610980371_4.wav,85,,-0.3959874528806631,0.6786606696651675,,0.1795753972224994,0.4577711144427786,,-1.6114069684407013,0.9485257371314344,bird,production_learner
Lonchura_striata,1788610980371_5.wav,81,,-1.1085886739493294,0.8895552223888056,,0.203651986547252,0.4507746126936531,,0.3720582117183695,0.3498250874562719,bird,production_learner
Lonchura_striata,1788610980371_6.wav,69,,-0.4892726066791736,0.7171414292853573,,-0.6552303847134432,0.7831084457771115,,0.2376828656201565,0.4142928535732134,bird,production_learner
Lonchura_striata,1788610980371_7.wav,72,,-2.377084310457323,0.9970014992503748,,1.5133893949469952,0.0944527736131934,,0.3710131923463716,0.3593203398300849,bird,production_learner
Lonchura_striata,1788610980371_8.wav,82,,-0.6446716957794488,0.7701149425287356,,1.552231619070276,0.0934532733633183,,1.1540265518848294,0.1309345327336331,bird,production_learner
Lonchura_striata,1788610980371_9.wav,75,,0.203204277608288,0.4632683658170914,,1.895151842912896,0.0544727636181909,,1.2823777945546595,0.096951524237881,bird,production_learner
Hylobates_agilis,20170901-060002_01_ch.wav,126,,-1.4119118065233924,0.9465267366316842,,4.06095149993323,0.000999500249875,,2.53967169945576,0.0049975012493753,primate,usage_learner
Hylobates_agilis,20170901-063002_01_ch.wav,123,,0.1891982090056088,0.4742628685657171,,0.2445939616945213,0.4212893553223388,,0.6784290093277883,0.2493753123438281,primate,usage_learner
Hylobates_agilis,20170901-070002_01_ch.wav,210,,-1.8199107935444965,0.9710144927536232,,12.514303921774191,0.0004997501249375,,-1.8863088070634184,0.9730134932533732,primate,usage_learner
Hylobates_agilis,20170901-073002_01_ch.wav,335,,-2.208140815927937,0.991504247876062,,3.967580693685942,0.0004997501249375,,0.1977307979222302,0.4217891054472764,primate,usage_learner
Hylobates_agilis,20170901-080002_01_ch.wav,275,,-3.663249737529535,1.0,,11.311457675560185,0.0004997501249375,,-0.8944100272734649,0.8140929535232384,primate,usage_learner
Hylobates_agilis,20170901-083002_01_ch.wav,403,,-0.4264872768099963,0.6711644177911045,,5.318452504894599,0.0004997501249375,,1.5118938944322378,0.0679660169915042,primate,usage_learner
Hylobates_agilis,20170902-060001_01_ch.wav,83,,-0.7963091270400553,0.8160919540229885,,0.448424255541522,0.3708145927036482,,1.0381549383581987,0.1509245377311344,primate,usage_learner
Hylobates_agilis,20170902-063001_01_ch.wav,136,,-1.3521226115231908,0.9205397301349324,,11.006851006904643,0.0004997501249375,,-0.3074211751410678,0.6216891554222889,primate,usage_learner
Hylobates_agilis,20170902-070001_01_ch.wav,215,,-0.0066011096801643,0.5232383808095952,,4.2064079239831855,0.0004997501249375,,-2.617743483436194,0.9950024987506249,primate,usage_learner
Hylobates_agilis,20170902-073001_01_ch.wav,249,,-0.6798657179852208,0.7586206896551724,,0.4636704821798129,0.3513243378310844,,0.8081537591637874,0.2118940529735132,primate,usage_learner
Hylobates_agilis,20170902-080002_01_ch.wav,426,,-2.439893009016452,0.9955022488755624,,5.184852995860154,0.0004997501249375,,1.3672105307161733,0.0854572713643178,primate,usage_learner
Hylobates_agilis,20170902-083002_01_ch.wav,397,,-2.0130517861128747,0.9845077461269364,,2.843103150588541,0.0019990004997501,,-2.244797679248272,0.9860069965017492,primate,usage_learner
Hylobates_agilis,20170903-060001_01_ch.wav,167,,-2.7651527994963536,0.9985007496251874,,2.567648358370516,0.0099950024987506,,0.3635958071139891,0.3543228385807096,primate,usage_learner
Hylobates_agilis,20170903-063001_01_ch.wav,84,,-3.0307958486961115,0.9995002498750624,,4.524449915831484,0.0004997501249375,,0.0609319504282416,0.4732633683158421,primate,usage_learner
Nomascus_gabriellae,session1_20210701,38,,-1.80173763898256,0.9815092453773112,,4.5006668710458015,0.0019990004997501,,-1.4191921454665224,0.912543728135932,primate,usage_learner
Nomascus_gabriellae,Group5_20210707,21,,-2.065335481524573,1.0,,3.326588749730379,0.0054972513743128,,1.2010891296628572,0.1264367816091954,primate,usage_learner
Nomascus_gabriellae,Group1_R3_20210726_060420,12,,-0.127904000510321,0.6421789105447276,,1.6414628889868617,0.1219390304847576,,,0.3583208395802099,primate,usage_learner
Nomascus_gabriellae,Group1_R1_20210726_060126,12,,0.6906114491384422,0.3473263368315842,,-0.5808352494892,0.7956021989005497,,,0.3953023488255872,primate,usage_learner
Nomascus_gabriellae,Group1_R1_20210726_050000,24,,-1.7079175676665437,0.991504247876062,,0.8252899369203515,0.2613693153423288,,1.0714280865003938,0.1454272863568216,primate,usage_learner
Nomascus_hainanus,1788612837624_g_HGSM3BD_0_1_20160305_060000.data,186,,-5.538188510758462,1.0,,9.717554321541959,0.0004997501249375312,,-1.0092654288643323,0.8425787106446777,primate,usage_learner
Nomascus_hainanus,1788612837624_g_HGSM3B_0_1_20160305_060000.data,146,,-3.819703646433389,1.0,,5.504728563888334,0.0004997501249375312,,-1.162149020914046,0.8755622188905547,primate,usage_learner
Nomascus_hainanus,1788612837625_g_HGSM3AC_0_1_20160309_055600.data,75,,0.2022643288163327,0.4777611194402799,,0.6527447014111419,0.30434782608695654,,-1.6123315558077524,0.9470264867566217,primate,usage_learner
Nomascus_hainanus,1788612837625_g_HGSM3AC_0_1_20160312_055400.data,74,,-1.07923606906136,0.9020489755122438,,-0.46918964414395914,0.728135932033983,,-0.8098682177562929,0.791104447776112,primate,usage_learner
Nomascus_hainanus,1788612837625_g_HGSM3AC_0_1_20160314_055200.data,96,,-2.4559478991511567,0.9970014992503748,,3.834880847061632,0.0004997501249375312,,-0.044910473276662206,0.5167416291854073,primate,usage_learner
Nomascus_hainanus,1788612837625_g_HGSM3BD_0_1_20160401_053700.data,141,,-5.393217268040099,1.0,,9.542059898674923,0.0004997501249375312,,-1.2178771750073911,0.879560219890055,primate,usage_learner
Nomascus_hainanus,1788612837625_g_HGSM3BD_0_1_20160402_053600.data,99,,-3.6124843399456568,0.999000499750125,,2.764996984084411,0.027486256871564217,,-1.8533708148961259,0.9650174912543729,primate,usage_learner
Nomascus_hainanus,1788612837625_g_HGSM3C_0_1_20160501_051500.data,99,,-0.49026024077887864,0.7541229385307346,,-1.2133848342416258,0.9090454772613693,,-0.027038437393041966,0.5137431284357821,primate,usage_learner
Nomascus_hainanus,1788612837625_g_HGSM3D_0_1_20160429_051600.data,79,,-2.437009817445953,0.9980009995002499,,5.045437253753232,0.0004997501249375312,,-1.9859770661719993,0.9765117441279361,primate,usage_learner
Nomascus_hainanus,1788612837625_g_HGSM3SOL_0_1_20160320_054700.data,103,,-2.647935328730288,0.9995002498750625,,3.8334239130813033,0.0009995002498750624,,1.023747858768684,0.16541729135432284,primate,usage_learner
Nomascus_hainanus,1788612837625_g_HGSM3SOL_0_1_20160405_053400.data,86,,-1.4038493352557802,0.9475262368815592,,1.3296239588679353,0.11544227886056972,,-1.1768321900834997,0.8665667166416792,primate,usage_learner
