Species,Common_Name,XC_Catalog_Number,XC_URL,citation,Recording_Date,Location_Country,License,Notes
Callithrix_aurita,Buffy-tufted-ear Marmoset,XC1033128,https://xeno-canto.org/1033128,"Marcelo J Feliti, XC1033128. Accessible at www.xeno-canto.org/1033128.",,,,
Callithrix_aurita,Buffy-tufted-ear Marmoset,XC1166629,https://xeno-canto.org/1166629,"Guilherme Melo, XC1166629. Accessible at www.xeno-canto.org/1166629.",,,,
Callithrix_aurita,Buffy-tufted-ear Marmoset,XC1166630,https://xeno-canto.org/1166630,"Guilherme Melo, XC1166630. Accessible at www.xeno-canto.org/1166630.",,,,
Callithrix_aurita,Buffy-tufted-ear Marmoset,XC1166631,https://xeno-canto.org/1166631,"Guilherme Melo, XC1166631. Accessible at www.xeno-canto.org/1166631.",,,,
Carrion_Crow,Carrion Crow,XC234879,https://xeno-canto.org/234879,"Eddy Scheinpflug, XC234879. Accessible at www.xeno-canto.org/234879.",,,,
Carrion_Crow,Carrion Crow,XC341954,https://xeno-canto.org/341954,"david m, XC341954. Accessible at www.xeno-canto.org/341954.",,,,
Carrion_Crow,Carrion Crow,XC458184,https://xeno-canto.org/458184,"Louis A. Hansen, XC458184. Accessible at www.xeno-canto.org/458184.",,,,
Carrion_Crow,Carrion Crow,XC466390,https://xeno-canto.org/466390,"Marie-Lan Taÿ Pamart, XC466390. Accessible at www.xeno-canto.org/466390.",,,,
Carrion_Crow,Carrion Crow,XC535993,https://xeno-canto.org/535993,"Seynaeve Adriaan, XC535993. Accessible at www.xeno-canto.org/535993.",,,,
Carrion_Crow,Carrion Crow,XC689520,https://xeno-canto.org/689520,"Stanislas Wroza, XC689520. Accessible at www.xeno-canto.org/689520.",,,,
Carrion_Crow,Carrion Crow,XC844889,https://xeno-canto.org/844889,"david m, XC844889. Accessible at www.xeno-canto.org/844889.",,,,
Carrion_Crow,Carrion Crow,XC977166,https://xeno-canto.org/977166,"Johannes Worona, XC977166. Accessible at www.xeno-canto.org/977166.",,,,
Carrion_Crow,Carrion Crow,XC1011550,https://xeno-canto.org/1011550,"Martin Billard, XC1011550. Accessible at www.xeno-canto.org/1011550.",,,,
Cebus_malitiosus,Santa Marta White-fronted Capuchin,XC1106858,https://xeno-canto.org/1106858,"Guilherme Melo, XC1106858. Accessible at www.xeno-canto.org/1106858.",,,,
Cebus_malitiosus,Santa Marta White-fronted Capuchin,XC1173134,https://xeno-canto.org/1173134,"Guilherme Melo, XC1173134. Accessible at www.xeno-canto.org/1173134.",,,,
Cercopithecus_diana,Diana Monkey,XC960201,https://xeno-canto.org/960201,"Étienne Leroy, XC960201. Accessible at www.xeno-canto.org/960201.",,,,
Cercopithecus_diana,Diana Monkey,XC960202,https://xeno-canto.org/960202,"Étienne Leroy, XC960202. Accessible at www.xeno-canto.org/960202.",,,,
Chlorocebus_pygerythrus,Vervet Monkey,XC961506,https://xeno-canto.org/961506,"Stein Ø. Nilsen, XC961506. Accessible at www.xeno-canto.org/961506.",,,,
Chlorocebus_pygerythrus,Vervet Monkey,XC961507,https://xeno-canto.org/961507,"Stein Ø. Nilsen, XC961507. Accessible at www.xeno-canto.org/961507.",,,,
Chlorocebus_pygerythrus,Vervet Monkey,XC1039879,https://xeno-canto.org/1039879,"Marc Anderson, XC1039879. Accessible at www.xeno-canto.org/1039879.",,,,
Chlorocebus_pygerythrus,Vervet Monkey,XC1089539,https://xeno-canto.org/1089539,"Alain Malengreau, XC1089539. Accessible at www.xeno-canto.org/1089539.",,,,
Columba_livia,Rock Dove,XC200010,https://xeno-canto.org/200010,"Herman van der Meer, XC200010. Accessible at www.xeno-canto.org/200010.",,,,
Columba_livia,Rock Dove,XC270097,https://xeno-canto.org/270097,"Timo Schnabel, XC270097. Accessible at www.xeno-canto.org/270097.",,,,
Columba_livia,Rock Dove,XC541143,https://xeno-canto.org/541143,"Marie-Lan Taÿ Pamart, XC541143. Accessible at www.xeno-canto.org/541143.",,,,
Columba_livia,Rock Dove,XC781620,https://xeno-canto.org/781620,"Peter Boesman, XC781620. Accessible at www.xeno-canto.org/781620.",,,,
Columba_livia,Rock Dove,XC1029257,https://xeno-canto.org/1029257,"Agris Celmins, XC1029257. Accessible at www.xeno-canto.org/1029257.",,,,
Columba_livia,Rock Dove,XC1029258,https://xeno-canto.org/1029258,"Agris Celmins, XC1029258. Accessible at www.xeno-canto.org/1029258.",,,,
Columba_livia,Rock Dove,XC1029262,https://xeno-canto.org/1029262,"Agris Celmins, XC1029262. Accessible at www.xeno-canto.org/1029262.",,,,
Contopus_virens,Eastern Wood Pewee,XC429238,https://xeno-canto.org/429238,"Greg Irving, XC429238. Accessible at www.xeno-canto.org/429238.",,,,
Contopus_virens,Eastern Wood Pewee,XC429616,https://xeno-canto.org/429616,"Bates Estabrooks, XC429616. Accessible at www.xeno-canto.org/429616.",,,,
Contopus_virens,Eastern Wood Pewee,XC544558,https://xeno-canto.org/544558,"Jerome Fischer, XC544558. Accessible at www.xeno-canto.org/544558.",,,,
Contopus_virens,Eastern Wood Pewee,XC563444,https://xeno-canto.org/563444,"Russ Wigh, XC563444. Accessible at www.xeno-canto.org/563444.",,,,
Contopus_virens,Eastern Wood Pewee,XC563447,https://xeno-canto.org/563447,"Russ Wigh, XC563447. Accessible at www.xeno-canto.org/563447.",,,,
Contopus_virens,Eastern Wood Pewee,XC691330,https://xeno-canto.org/691330,"Christopher McPherson, XC691330. Accessible at www.xeno-canto.org/691330.",,,,
Contopus_virens,Eastern Wood Pewee,XC1014933,https://xeno-canto.org/1014933,"Stanislas Wroza, XC1014933. Accessible at www.xeno-canto.org/1014933.",,,,
Contopus_virens,Eastern Wood Pewee,XC1037302,https://xeno-canto.org/1037302,"Bobby Wilcox, XC1037302. Accessible at www.xeno-canto.org/1037302.",,,,
Contopus_virens,Eastern Wood Pewee,XC1135217,https://xeno-canto.org/1135217,"Mario Reyes Jr, XC1135217. Accessible at www.xeno-canto.org/1135217.",,,,
Coturnix_japonica,Japanese Quail,XC61928,https://xeno-canto.org/61928,"Christoph Bock, XC61928. Accessible at www.xeno-canto.org/61928.",,,,
Coturnix_japonica,Japanese Quail,XC61942,https://xeno-canto.org/61942,"Christoph Bock, XC61942. Accessible at www.xeno-canto.org/61942.",,,,
Coturnix_japonica,Japanese Quail,XC329204,https://xeno-canto.org/329204,"Alex Thomas, XC329204. Accessible at www.xeno-canto.org/329204.",,,,
Coturnix_japonica,Japanese Quail,XC485730,https://xeno-canto.org/485730,"Stanislas Wroza, XC485730. Accessible at www.xeno-canto.org/485730.",,,,
Coturnix_japonica,Japanese Quail,XC527210,https://xeno-canto.org/527210,"James Lidster, XC527210. Accessible at www.xeno-canto.org/527210.",,,,
Coturnix_japonica,Japanese Quail,XC790229,https://xeno-canto.org/790229,"Oriental Stork, XC790229. Accessible at www.xeno-canto.org/790229.",,,,
Coturnix_japonica,Japanese Quail,XC790231,https://xeno-canto.org/790231,"Oriental Stork, XC790231. Accessible at www.xeno-canto.org/790231.",,,,
Coturnix_japonica,Japanese Quail,XC913389,https://xeno-canto.org/913389,"Goro, XC913389. Accessible at www.xeno-canto.org/913389.",,,,
Eulemur_rubriventer,Red-bellied Lemur,XC983966,https://xeno-canto.org/983966,"Albert Lastukhin, XC983966. Accessible at www.xeno-canto.org/983966.",,,,
Eulemur_rubriventer,Red-bellied Lemur,XC983967,https://xeno-canto.org/983967,"Albert Lastukhin, XC983967. Accessible at www.xeno-canto.org/983967.",,,,
Eulemur_rubriventer,Red-bellied Lemur,XC1072253,https://xeno-canto.org/1072253,"Frank Lambert, XC1072253. Accessible at www.xeno-canto.org/1072253.",,,,
Eulemur_rubriventer,Red-bellied Lemur,XC1072254,https://xeno-canto.org/1072254,"Frank Lambert, XC1072254. Accessible at www.xeno-canto.org/1072254.",,,,
Eulemur_rubriventer,Red-bellied Lemur,XC1072255,https://xeno-canto.org/1072255,"Frank Lambert, XC1072255. Accessible at www.xeno-canto.org/1072255.",,,,
Gallus_gallus,Red Junglefowl,XC314766,https://xeno-canto.org/314766,"Marc Anderson, XC314766. Accessible at www.xeno-canto.org/314766.",,,,
Gallus_gallus,Red Junglefowl,XC314767,https://xeno-canto.org/314767,"Marc Anderson, XC314767. Accessible at www.xeno-canto.org/314767.",,,,
Gallus_gallus,Red Junglefowl,XC472720,https://xeno-canto.org/472720,"Peter Boesman, XC472720. Accessible at www.xeno-canto.org/472720.",,,,
Gallus_gallus,Red Junglefowl,XC577805,https://xeno-canto.org/577805,"Olivier SWIFT, XC577805. Accessible at www.xeno-canto.org/577805.",,,,
Gallus_gallus,Red Junglefowl,XC577813,https://xeno-canto.org/577813,"Olivier SWIFT, XC577813. Accessible at www.xeno-canto.org/577813.",,,,
Gallus_gallus,Red Junglefowl,XC577814,https://xeno-canto.org/577814,"Olivier SWIFT, XC577814. Accessible at www.xeno-canto.org/577814.",,,,
Gallus_gallus,Red Junglefowl,XC689265,https://xeno-canto.org/689265,"Ding Li Yong, XC689265. Accessible at www.xeno-canto.org/689265.",,,,
Gallus_gallus,Red Junglefowl,XC1009091,https://xeno-canto.org/1009091,"Lim Ying Hien, XC1009091. Accessible at www.xeno-canto.org/1009091.",,,,
Gallus_gallus,Red Junglefowl,XC1067414,https://xeno-canto.org/1067414,"Ding Li Yong, XC1067414. Accessible at www.xeno-canto.org/1067414.",,,,
Gallus_gallus,Red Junglefowl,XC1153675,https://xeno-canto.org/1153675,"Aku Kalliomäki, XC1153675. Accessible at www.xeno-canto.org/1153675.",,,,
Gallus_gallus,Red Junglefowl,XC1153683,https://xeno-canto.org/1153683,"Aku Kalliomäki, XC1153683. Accessible at www.xeno-canto.org/1153683.",,,,
Hapalemur_occidentalis,Northern Bamboo Lemur,XC1081907,https://xeno-canto.org/1081907,"Frank Lambert, XC1081907. Accessible at www.xeno-canto.org/1081907.",,,,
Hapalemur_occidentalis,Northern Bamboo Lemur,XC1081908,https://xeno-canto.org/1081908,"Frank Lambert, XC1081908. Accessible at www.xeno-canto.org/1081908.",,,,
Hapalemur_occidentalis,Northern Bamboo Lemur,XC1081909,https://xeno-canto.org/1081909,"Frank Lambert, XC1081909. Accessible at www.xeno-canto.org/1081909.",,,,
Macaca_cyclopis,Taiwanese Macaque,XC985977,https://xeno-canto.org/985977,"Sheng-wun Jheng, XC985977. Accessible at www.xeno-canto.org/985977.",,,,
Macaca_cyclopis,Taiwanese Macaque,XC1045268,https://xeno-canto.org/1045268,"Lars Lachmann, XC1045268. Accessible at www.xeno-canto.org/1045268.",,,,
Macaca_cyclopis,Taiwanese Macaque,XC1045270,https://xeno-canto.org/1045270,"Lars Lachmann, XC1045270. Accessible at www.xeno-canto.org/1045270.",,,,
Macaca_cyclopis,Taiwanese Macaque,XC1045271,https://xeno-canto.org/1045271,"Lars Lachmann, XC1045271. Accessible at www.xeno-canto.org/1045271.",,,,
Macaca_cyclopis,Taiwanese Macaque,XC1139469,https://xeno-canto.org/1139469,"Sheng-wun Jheng, XC1139469. Accessible at www.xeno-canto.org/1139469.",,,,
Macaca_fascicularis,Long-tailed Macaque,XC960848,https://xeno-canto.org/960848,"Simon Elliott, XC960848. Accessible at www.xeno-canto.org/960848.",,,,
Macaca_fascicularis,Long-tailed Macaque,XC1031578,https://xeno-canto.org/1031578,"Frank Lambert, XC1031578. Accessible at www.xeno-canto.org/1031578.",,,,
Macaca_fascicularis,Long-tailed Macaque,XC1063259,https://xeno-canto.org/1063259,"Daan Drukker, XC1063259. Accessible at www.xeno-canto.org/1063259.",,,,
Macaca_mulatta,Rhesus Macaque,XC960761,https://xeno-canto.org/960761,"Marc Anderson, XC960761. Accessible at www.xeno-canto.org/960761.",,,,
Macaca_mulatta,Rhesus Macaque,XC1006942,https://xeno-canto.org/1006942,"Swami Bogim, XC1006942. Accessible at www.xeno-canto.org/1006942.",,,,
Macaca_mulatta,Rhesus Macaque,XC1044523,https://xeno-canto.org/1044523,"Ding Li Yong, XC1044523. Accessible at www.xeno-canto.org/1044523.",,,,
Macaca_mulatta,Rhesus Macaque,XC1047250,https://xeno-canto.org/1047250,"Dave Guo, XC1047250. Accessible at www.xeno-canto.org/1047250.",,,,
Macaca_mulatta,Rhesus Macaque,XC1072576,https://xeno-canto.org/1072576,"Marc Anderson, XC1072576. Accessible at www.xeno-canto.org/1072576.",,,,
Melopsittacus_undulatus,Budgerigar,XC40579,https://xeno-canto.org/40579,"Mark Harper, XC40579. Accessible at www.xeno-canto.org/40579.",,,,
Melopsittacus_undulatus,Budgerigar,XC134241,https://xeno-canto.org/134241,"Marc Anderson, XC134241. Accessible at www.xeno-canto.org/134241.",,,,
Melopsittacus_undulatus,Budgerigar,XC172266,https://xeno-canto.org/172266,"Marc Anderson, XC172266. Accessible at www.xeno-canto.org/172266.",,,,
Melopsittacus_undulatus,Budgerigar,XC593345,https://xeno-canto.org/593345,"Marc Anderson, XC593345. Accessible at www.xeno-canto.org/593345.",,,,
Melopsittacus_undulatus,Budgerigar,XC609245,https://xeno-canto.org/609245,"Marc Anderson, XC609245. Accessible at www.xeno-canto.org/609245.",,,,
Melopsittacus_undulatus,Budgerigar,XC611286,https://xeno-canto.org/611286,"Marc Anderson, XC611286. Accessible at www.xeno-canto.org/611286.",,,,
Melopsittacus_undulatus,Budgerigar,XC820503,https://xeno-canto.org/820503,"nick talbot, XC820503. Accessible at www.xeno-canto.org/820503.",,,,
Melopsittacus_undulatus,Budgerigar,XC859963,https://xeno-canto.org/859963,"Peter Boesman, XC859963. Accessible at www.xeno-canto.org/859963.",,,,
Melopsittacus_undulatus,Budgerigar,XC924266,https://xeno-canto.org/924266,"Louis Masarei, XC924266. Accessible at www.xeno-canto.org/924266.",,,,
Melopsittacus_undulatus,Budgerigar,XC940888,https://xeno-canto.org/940888,"Samantha Aguirre, XC940888. Accessible at www.xeno-canto.org/940888.",,,,
Melopsittacus_undulatus,Budgerigar,XC1066690,https://xeno-canto.org/1066690,"Peter Boesman, XC1066690. Accessible at www.xeno-canto.org/1066690.",,,,
Melopsittacus_undulatus,Budgerigar,XC1066691,https://xeno-canto.org/1066691,"Peter Boesman, XC1066691. Accessible at www.xeno-canto.org/1066691.",,,,
Menura_novaehollandiae,Superb Lyrebird,XC605887,https://xeno-canto.org/605887,"Liam Manderson, XC605887. Accessible at www.xeno-canto.org/605887.",,,,
Menura_novaehollandiae,Superb Lyrebird,XC804368,https://xeno-canto.org/804368,"Zebedee Muller, XC804368. Accessible at www.xeno-canto.org/804368.",,,,
Menura_novaehollandiae,Superb Lyrebird,XC1040676,https://xeno-canto.org/1040676,"Andrew McCafferty, XC1040676. Accessible at www.xeno-canto.org/1040676.",,,,
Menura_novaehollandiae,Superb Lyrebird,XC1045882,https://xeno-canto.org/1045882,"Marc Anderson, XC1045882. Accessible at www.xeno-canto.org/1045882.",,,,
Menura_novaehollandiae,Superb Lyrebird,XC1103947,https://xeno-canto.org/1103947,"Romuald Mikusek, XC1103947. Accessible at www.xeno-canto.org/1103947.",,,,
Menura_novaehollandiae,Superb Lyrebird,XC1163855,https://xeno-canto.org/1163855,"Romuald Mikusek, XC1163855. Accessible at www.xeno-canto.org/1163855.",,,,
Menura_novaehollandiae,Superb Lyrebird,XC1163856,https://xeno-canto.org/1163856,"Romuald Mikusek, XC1163856. Accessible at www.xeno-canto.org/1163856.",,,,
Menura_novaehollandiae,Superb Lyrebird,XC1172718,https://xeno-canto.org/1172718,"Romuald Mikusek, XC1172718. Accessible at www.xeno-canto.org/1172718.",,,,
Mimus_polyglottos,Northern Mockingbird,XC559555,https://xeno-canto.org/559555,"Ron Overholtz, XC559555. Accessible at www.xeno-canto.org/559555.",,,,
Mimus_polyglottos,Northern Mockingbird,XC798489,https://xeno-canto.org/798489,"Manuel Grosselet, XC798489. Accessible at www.xeno-canto.org/798489.",,,,
Mimus_polyglottos,Northern Mockingbird,XC798536,https://xeno-canto.org/798536,"Paul Marvin, XC798536. Accessible at www.xeno-canto.org/798536.",,,,
Mimus_polyglottos,Northern Mockingbird,XC871912,https://xeno-canto.org/871912,"Scott Gravette, XC871912. Accessible at www.xeno-canto.org/871912.",,,,
Mimus_polyglottos,Northern Mockingbird,XC872514,https://xeno-canto.org/872514,"Scott Olmstead, XC872514. Accessible at www.xeno-canto.org/872514.",,,,
Mimus_polyglottos,Northern Mockingbird,XC958237,https://xeno-canto.org/958237,"Étienne Leroy, XC958237. Accessible at www.xeno-canto.org/958237.",,,,
Mimus_polyglottos,Northern Mockingbird,XC958238,https://xeno-canto.org/958238,"Étienne Leroy, XC958238. Accessible at www.xeno-canto.org/958238.",,,,
Mimus_polyglottos,Northern Mockingbird,XC997254,https://xeno-canto.org/997254,"FREDERIC Lionel, XC997254. Accessible at www.xeno-canto.org/997254.",,,,
Mimus_polyglottos,Northern Mockingbird,XC997262,https://xeno-canto.org/997262,"FREDERIC Lionel, XC997262. Accessible at www.xeno-canto.org/997262.",,,,
Mimus_polyglottos,Northern Mockingbird,XC997263,https://xeno-canto.org/997263,"FREDERIC Lionel, XC997263. Accessible at www.xeno-canto.org/997263.",,,,
Mimus_polyglottos,Northern Mockingbird,XC1071700,https://xeno-canto.org/1071700,"noah eckman, XC1071700. Accessible at www.xeno-canto.org/1071700.",,,,
Mimus_polyglottos,Northern Mockingbird,XC1089514,https://xeno-canto.org/1089514,"Scott Crabtree, XC1089514. Accessible at www.xeno-canto.org/1089514.",,,,
Pan_troglodytes,Chimpanzee,XC960121,https://xeno-canto.org/960121,"Étienne Leroy, XC960121. Accessible at www.xeno-canto.org/960121.",,,,
Pan_troglodytes,Chimpanzee,XC960498,https://xeno-canto.org/960498,"Étienne Leroy, XC960498. Accessible at www.xeno-canto.org/960498.",,,,
Pan_troglodytes,Chimpanzee,XC1036135,https://xeno-canto.org/1036135,"Antoine Ede, XC1036135. Accessible at www.xeno-canto.org/1036135.",,,,
Pan_troglodytes,Chimpanzee,XC1054154,https://xeno-canto.org/1054154,"Budongo Conservation Field Station, XC1054154. Accessible at www.xeno-canto.org/1054154.",,,,
Pan_troglodytes,Chimpanzee,XC1054178,https://xeno-canto.org/1054178,"Budongo Conservation Field Station, XC1054178. Accessible at www.xeno-canto.org/1054178.",,,,
Pan_troglodytes,Chimpanzee,XC1070341,https://xeno-canto.org/1070341,"Budongo Conservation Field Station, XC1070341. Accessible at www.xeno-canto.org/1070341.",,,,
Pan_troglodytes,Chimpanzee,XC1070343,https://xeno-canto.org/1070343,"Budongo Conservation Field Station, XC1070343. Accessible at www.xeno-canto.org/1070343.",,,,
Pan_troglodytes,Chimpanzee,XC1070346,https://xeno-canto.org/1070346,"Budongo Conservation Field Station, XC1070346. Accessible at www.xeno-canto.org/1070346.",,,,
Pan_troglodytes,Chimpanzee,XC1070347,https://xeno-canto.org/1070347,"Budongo Conservation Field Station, XC1070347. Accessible at www.xeno-canto.org/1070347.",,,,
Pan_troglodytes,Chimpanzee,XC1140926,https://xeno-canto.org/1140926,"Jonathan Onongo, XC1140926. Accessible at www.xeno-canto.org/1140926.",,,,
Pongo_pygmaeus,Bornean Orangutan,XC959719,https://xeno-canto.org/959719,"Daan Drukker, XC959719. Accessible at www.xeno-canto.org/959719.",,,,
Pongo_pygmaeus,Bornean Orangutan,XC960775,https://xeno-canto.org/960775,"Marc Anderson, XC960775. Accessible at www.xeno-canto.org/960775.",,,,
Pongo_pygmaeus,Bornean Orangutan,XC985671,https://xeno-canto.org/985671,"GABRIEL LEITE, XC985671. Accessible at www.xeno-canto.org/985671.",,,,
Pongo_pygmaeus,Bornean Orangutan,XC1097762,https://xeno-canto.org/1097762,"Marc Anderson, XC1097762. Accessible at www.xeno-canto.org/1097762.",,,,
Psittacus_erithacus,Grey Parrot,XC404711,https://xeno-canto.org/404711,"Bram Vogels, XC404711. Accessible at www.xeno-canto.org/404711.",,,,
Psittacus_erithacus,Grey Parrot,XC599239,https://xeno-canto.org/599239,"A. Bennett Hennessey, XC599239. Accessible at www.xeno-canto.org/599239.",,,,
Psittacus_erithacus,Grey Parrot,XC877895,https://xeno-canto.org/877895,"Étienne Leroy, XC877895. Accessible at www.xeno-canto.org/877895.",,,,
Psittacus_erithacus,Grey Parrot,XC1011340,https://xeno-canto.org/1011340,"Matthew L. Brady, XC1011340. Accessible at www.xeno-canto.org/1011340.",,,,
Psittacus_erithacus,Grey Parrot,XC1011809,https://xeno-canto.org/1011809,"Matthew L. Brady, XC1011809. Accessible at www.xeno-canto.org/1011809.",,,,
Psittacus_erithacus,Grey Parrot,XC1011810,https://xeno-canto.org/1011810,"Matthew L. Brady, XC1011810. Accessible at www.xeno-canto.org/1011810.",,,,
Psittacus_erithacus,Grey Parrot,XC1053186,https://xeno-canto.org/1053186,"Bernard BOUSQUET, XC1053186. Accessible at www.xeno-canto.org/1053186.",,,,
Psittacus_erithacus,Grey Parrot,XC1105395,https://xeno-canto.org/1105395,"Jonathan Onongo, XC1105395. Accessible at www.xeno-canto.org/1105395.",,,,
Psittacus_erithacus,Grey Parrot,XC1105396,https://xeno-canto.org/1105396,"Jonathan Onongo, XC1105396. Accessible at www.xeno-canto.org/1105396.",,,,
Screaming_Piha,Screaming Piha,XC152497,https://xeno-canto.org/152497,"Herman van Oosten, XC152497. Accessible at www.xeno-canto.org/152497.",,,,
Screaming_Piha,Screaming Piha,XC225167,https://xeno-canto.org/225167,"Peter Boesman, XC225167. Accessible at www.xeno-canto.org/225167.",,,,
Screaming_Piha,Screaming Piha,XC225170,https://xeno-canto.org/225170,"Peter Boesman, XC225170. Accessible at www.xeno-canto.org/225170.",,,,
Screaming_Piha,Screaming Piha,XC241664,https://xeno-canto.org/241664,"Jeremy Minns, XC241664. Accessible at www.xeno-canto.org/241664.",,,,
Screaming_Piha,Screaming Piha,XC303181,https://xeno-canto.org/303181,"GABRIEL LEITE, XC303181. Accessible at www.xeno-canto.org/303181.",,,,
Screaming_Piha,Screaming Piha,XC504274,https://xeno-canto.org/504274,"JAYRSON ARAUJO DE OLIVEIRA, XC504274. Accessible at www.xeno-canto.org/504274.",,,,
Screaming_Piha,Screaming Piha,XC521303,https://xeno-canto.org/521303,"Jarrod Swackhamer, XC521303. Accessible at www.xeno-canto.org/521303.",,,,
Screaming_Piha,Screaming Piha,XC668412,https://xeno-canto.org/668412,"Dante Buzzetti, XC668412. Accessible at www.xeno-canto.org/668412.",,,,
Screaming_Piha,Screaming Piha,XC978265,https://xeno-canto.org/978265,"JAYRSON ARAUJO DE OLIVEIRA, XC978265. Accessible at www.xeno-canto.org/978265.",,,,
Screaming_Piha,Screaming Piha,XC1043152,https://xeno-canto.org/1043152,"Frank Lambert, XC1043152. Accessible at www.xeno-canto.org/1043152.",,,,
Serinus_canaria,Atlantic Canary,XC262763,https://xeno-canto.org/262763,"Cedric Mroczko, XC262763. Accessible at www.xeno-canto.org/262763.",,,,
Serinus_canaria,Atlantic Canary,XC316549,https://xeno-canto.org/316549,"Cedric Mroczko, XC316549. Accessible at www.xeno-canto.org/316549.",,,,
Serinus_canaria,Atlantic Canary,XC398574,https://xeno-canto.org/398574,"Jacob Lotz, XC398574. Accessible at www.xeno-canto.org/398574.",,,,
Serinus_canaria,Atlantic Canary,XC487915,https://xeno-canto.org/487915,"Baltasar, XC487915. Accessible at www.xeno-canto.org/487915.",,,,
Serinus_canaria,Atlantic Canary,XC601672,https://xeno-canto.org/601672,"Rubén Barone, XC601672. Accessible at www.xeno-canto.org/601672.",,,,
Serinus_canaria,Atlantic Canary,XC782280,https://xeno-canto.org/782280,"Rubén Barone, XC782280. Accessible at www.xeno-canto.org/782280.",,,,
Serinus_canaria,Atlantic Canary,XC907123,https://xeno-canto.org/907123,"Carlos Pereira, XC907123. Accessible at www.xeno-canto.org/907123.",,,,
Serinus_canaria,Atlantic Canary,XC1056183,https://xeno-canto.org/1056183,"Alain Malengreau, XC1056183. Accessible at www.xeno-canto.org/1056183.",,,,
Serinus_canaria,Atlantic Canary,XC1145741,https://xeno-canto.org/1145741,"Lionel FREDERIC, XC1145741. Accessible at www.xeno-canto.org/1145741.",,,,
Turdus_merula,Common Blackbird,XC306263,https://xeno-canto.org/306263,"Ruslan Mazuryk, XC306263. Accessible at www.xeno-canto.org/306263.",,,,
Turdus_merula,Common Blackbird,XC310974,https://xeno-canto.org/310974,"david m, XC310974. Accessible at www.xeno-canto.org/310974.",,,,
Turdus_merula,Common Blackbird,XC382840,https://xeno-canto.org/382840,"Louis A. Hansen, XC382840. Accessible at www.xeno-canto.org/382840.",,,,
Turdus_merula,Common Blackbird,XC555637,https://xeno-canto.org/555637,"Kieron Palmer, XC555637. Accessible at www.xeno-canto.org/555637.",,,,
Turdus_merula,Common Blackbird,XC731207,https://xeno-canto.org/731207,"Cedric Mroczko, XC731207. Accessible at www.xeno-canto.org/731207.",,,,
Turdus_merula,Common Blackbird,XC735931,https://xeno-canto.org/735931,"Albert Lastukhin, XC735931. Accessible at www.xeno-canto.org/735931.",,,,
Turdus_merula,Common Blackbird,XC825630,https://xeno-canto.org/825630,"Esperanza Poveda, XC825630. Accessible at www.xeno-canto.org/825630.",,,,
Turdus_merula,Common Blackbird,XC862600,https://xeno-canto.org/862600,"João Tomás, XC862600. Accessible at www.xeno-canto.org/862600.",,,,
Turdus_merula,Common Blackbird,XC926144,https://xeno-canto.org/926144,"Johannes Worona, XC926144. Accessible at www.xeno-canto.org/926144.",,,,
Turdus_merula,Common Blackbird,XC960501,https://xeno-canto.org/960501,"Catalin Ionescu, XC960501. Accessible at www.xeno-canto.org/960501.",,,,
Turdus_merula,Common Blackbird,XC985000,https://xeno-canto.org/985000,"Catalin Ionescu, XC985000. Accessible at www.xeno-canto.org/985000.",,,,
Turdus_merula,Common Blackbird,XC995330,https://xeno-canto.org/995330,"Albert Dees, XC995330. Accessible at www.xeno-canto.org/995330.",,,,
Zenaida_macroura,Mourning Dove,XC153653,https://xeno-canto.org/153653,"Paul Marvin, XC153653. Accessible at www.xeno-canto.org/153653.",,,,
Zenaida_macroura,Mourning Dove,XC583578,https://xeno-canto.org/583578,"Richard E. Webster, XC583578. Accessible at www.xeno-canto.org/583578.",,,,
Zenaida_macroura,Mourning Dove,XC613539,https://xeno-canto.org/613539,"Peter Ward and Ken Hall, XC613539. Accessible at www.xeno-canto.org/613539.",,,,
Zenaida_macroura,Mourning Dove,XC636552,https://xeno-canto.org/636552,"Thomas Ryder Payne, XC636552. Accessible at www.xeno-canto.org/636552.",,,,
Zenaida_macroura,Mourning Dove,XC638304,https://xeno-canto.org/638304,"Christopher McPherson, XC638304. Accessible at www.xeno-canto.org/638304.",,,,
Zenaida_macroura,Mourning Dove,XC730163,https://xeno-canto.org/730163,"Alán Palacios, XC730163. Accessible at www.xeno-canto.org/730163.",,,,
Zenaida_macroura,Mourning Dove,XC940517,https://xeno-canto.org/940517,"Richard E. Webster, XC940517. Accessible at www.xeno-canto.org/940517.",,,,
Zenaida_macroura,Mourning Dove,XC940522,https://xeno-canto.org/940522,"Richard E. Webster, XC940522. Accessible at www.xeno-canto.org/940522.",,,,
Zenaida_macroura,Mourning Dove,XC1017870,https://xeno-canto.org/1017870,"Stanislas Wroza, XC1017870. Accessible at www.xeno-canto.org/1017870.",,,,